label,problem
lập hệ phương trình,một đội xe theo kế hoạch chở hết 140 tấn hàng trong một số ngày quy định do mỗi ngày đội đó chở vượt mức 5 tấn nên đội đó hoàn thành kế hoạch sớm hơn thời gian quy định 1 ngày và chở thêm được 10 tấn hỏi theo kế hoạch đội xe chở hàng hết bao nhiêu ngày
lập hệ phương trình,theo kế hoạch một xưởng may phải may xong 280 bộ quần áo trong một thời gian quy định đến khi thực hiện mỗi ngày xưởng đó may được nhiều hơn 5 bộ quần áo so với số bộ quần áo phải may trong một ngày theo kế hoạch vì thế xưởng đó hoàn thành kế hoạch trước 1 ngày hỏi theo kế hoạch mỗi ngày xưởng phải may xong bao nhiêu bộ quần áo
lập hệ phương trình,hai người đi xe đạp cùng xuất phát từ a để đến b với vận tốc bằng nhau đi được 23 quãng đường người thứ nhất bị hỏng xe nên dừng lại 20 phút và đón ô tô quay về a còn người thứ hai không dừng lại mà tiếp tục đi với vận tốc cũ để tới b biết rằng khoảng cách từ a đến b là 60 km vận tốc ô tô hơn vận tốc xe đạp là 48 kmh và khi người thứ hai tới b thì người thứ nhất đã về a trước đó 40 phút tính vận tốc của xe đạp
lập hệ phương trình,một công ty vận tải điều một số xe tải để chở 90 tấn hàng khi đến kho hàng thì có 2 xe bị hỏng nên để chở hết lượng hàng thì mỗi xe còn lại phải chở thêm 05 tấn so với dự định ban đầu hỏi số xe được điều đến chở hàng là bao nhiêu biết rằng khối lượng hàng chở ở mỗi xe là như nhau
lập hệ phương trình,một người đi bộ từ a đến b với vận tốc 4 kmh rồi đi ô tô từ b đến c với vận tốc 40 kmh lúc về anh ta đi xe đạp trên cả quãng đường ca với vận tốc 16 kmh biết rằng quãng đường ab ngắn hơn quãng đường bc là 24 km và thời gian lúc đi bằng thời gian lúc về tính quãng đường ac
lập hệ phương trình,khoảng cách giữa hai bến sông a và b là 60 km một xuồng máy đi xuôi dòng từ bến a đến bến b nghỉ 30 phút tại bến b rồi quay trở lại đi ngược dòng 25 km để đến bến c thời gian kể từ lúc đi đến lúc quay trở lại đến bến c hết tất cả là 8 giờ tính vận tốc xuồng máy khi nước yên lặng biết rằng vận tốc nước chảy là 1 kmh
lập hệ phương trình,một xe lửa đi từ húê ra hà nội sau đó 1 giờ 40 phút một xe lửa khác đi từ hà nội vào húê với vận tốc lớn hơn vận tốc của xe lửa thứ nhất là 5 kmh hai xe gặp nhau tại một ga cách hà nội 300 km tìm vận tốc của mỗi xe giả thiết rằng quãng đường sắt húê hà nội dài 645 km
lập hệ phương trình,hai bác nông dân đem trứng ra chợ bán với tổng số trứng của hai người là 100 quả số trứng của hai người không bằng nhau nhưng hai người bán được một số tiền bằng nhau một người nói với người kia nếu số trứng của tôi bằng số trứng của anh thì tôi bán được 90000 đồng người kia nói nếu số trứng của tôi bằng số trứng của chị thì tôi chỉ bán được 40000 đồng thôi hỏi mỗi người có bao nhiêu trứng và giá bán mỗi quả trứng của mỗi người là bao nhiêu
lập hệ phương trình,một công ty vận tải được điều một số xe chở 90 tấn hàng khi đến kho chở thì 2 xe bị hỏng nên để chở hết số hàng thì mỗi xe phải chở thêm 05 tấn so với dự định ban đầu hỏi số xe được điều đến để chở hàng là bao nhiêu biết mỗi xe chở số hàng là như nhau
lập hệ phương trình,một vòi nước chảy vào một cái bể không có nước cùng lúc đó một vòi nước khác chảy từ bể ra mỗi giờ lượng nước vòi chảy ra bằng 45 lượng nước chảy vào sau 5 giờ nước trong bể đạt tới 18 dung tích bể hỏi nếu bể không có nước mà chỉ mở vòi chảy vào thì sau bao lâu thì đầy bể
lập hệ phương trình,một người đi xe gắn máy từ a đến b dự định mất 3 giờ 20 phút nếu người ấy tăng vận tốc thêm 5 kmh thì sẽ đến b sớm hơn 20 phút tính khoảng cách ab và vận tốc dự định của người đó
lập hệ phương trình,tuổi của ông an hơn an 56 tuổi cách đây 5 năm tuổi của ông an gấp 8 lần tuổi an hỏi tuổi của an hiện nay bao nhiêu tuổi
lập hệ phương trình,một người đi ô tô từ a đến b với vận tốc dự định là 48 kmh nhưng khi đi được 1 giờ với vận tốc ấy người đó nghỉ 10 phút và tiếp tục đi đến b kịp thời gian đã định người đó phải tăng vận tốc thêm 6 kmh tính quãng đường ab
lập hệ phương trình,một xe ô tô đi từ a đến b với vận tốc 50 kmh và sau đó trở về b với vận tốc 40 kmh cả đi lẫn về mất 5 giờ 24 phút tính chiều dài quãng đường ab
lập hệ phương trình,một người đi xe máy khởi hành từ nhà lúc 6 h30 phút với vận tốc 45 kmh đến nơi làm việc và ở đó trong thời gian 8 giờ rồi về nhà với vận tốc 40 kmh về đến nhà lúc 17 h20 phút hỏi quãng đường từ nhà đến nơi làm việc dài bao nhiêu km
lập hệ phương trình,một phân số có tử số bé hơn mẫu số là 11 nếu bớt tử số đi 7 đơn vị và tăng mẫu số lên 4 đơn vị thì sẽ được phân số nghịch đảo của phân số đã cho
lập hệ phương trình,tổng của hai số bằng 51 tìm hai số đó biết rằng 23 số thứ nhất bằng 16 số thứ hai
lập hệ phương trình,một người đi ô tô khởi hành lúc 6 h15 phút với vận tốc 50 kmh đến b nghỉ lại 1 giờ 30 phút rồi trở về a với vận tốc 50 kmh về đến a lúc 14 h30 phút hỏi quãng đường ab dài bao nhiêu km
lập hệ phương trình,một ca nô đi xuôi dòng từ a đến b mất 4 giờ và ngược dòng từ b về a hết 5 giờ tính quãng đường ab biết vận tốc của dòng nước là 2 kmh
lập hệ phương trình,một người đi xe gắn máy từ a đến b dự định mất 3 giờ 20 phút nếu người ấy tăng vận tốc thêm 5 kmh thì sẽ đến b sớm hơn 20 phút tính khoảng cách ab và vận tốc dự định của người đó
lập hệ phương trình,một người đi nửa quãng đường ab với vận tốc 20 kmh và đi phần còn lại với vận tốc 30 kmh tính vận tốc trung bình của người đó trên cả quãng đường
lập hệ phương trình,một ca nô xuôi dòng từ bến a đến bến b rồi ngược dòng từ b về bến a mất tất cả 4 h tính vận tốc của ca nô khi nước yên lặng biết rằng quãng đường sông ab dài là 30 km và vận tốc dòng nước là 4 kmh
lập hệ phương trình,một người đi xe đạp từ a đến b cách nhau 33 km với vận tốc xác định khi từ b về a người đó đi bằng con đường khác dài hơn trước là 29 km nhưng với vận tốc lớn hơn vận tốc lúc đi là 3 kmh tính vận tốc lúc đi biết rằng thời gian về nhiều hơn thời gian đi là 1 h30 phút
lập hệ phương trình,hai ca nô cùng khởi hành một lúc từ a đến b ca nô thứ nhất chạy với vận tốc 20 kmh ca nô thứ 2 chạy với vận tốc 24 kmh trên đường đi ca nô thứ 2 dừng lại 40 phút sau đó tiếp tục chạy tính chiều dài ab biết rằng 2 ca nô cùng đến b một lúc
lập hệ phương trình,hai người đi xe đạp từ a đến b cách nhau 60 km với cùng một vận tốc khi được 23 quãng đường người thứ nhất hỏng xe nên dừng lại 20 phút đón ô tô quay về a người thứ 2 vẫn tiếp tục đi với vận tốc cũ và chậm hơn người đi về a là 40 phút hỏi vận tốc của người đi xe đạp biết rằng vận tốc ôtô đi nhanh hơn xe đạp là 30 kmh
lập hệ phương trình,một xe tải đi từ tỉnh a đến tỉnh b với vận tốc 40 kmh sau đó 1 h 30 phút một chiếc xe con cũng đi từ a đến b với vận tốc 60 kmh hai xe gặp nhau khi chúng đi được một nửa quãng đường tính quãng đường ab
lập hệ phương trình,một người đi xe máy từ a đến b cách nhau 60 km rồi quay trở về a ngay với vận tốc cũ nhưng lúc về khi đi được 1 h thì xe hỏng nên phải dừng lại sửa 20 phút sau đó tiếp tục đi với vận tốc nhanh hơn trước là 4 kmh trên quãng đường còn lại vì thế thời gian đi và về bằng nhau tính vận tốc ban đầu của xe
lập hệ phương trình,một đi xe máy từ a đến b đường dài 120 km khi đi từ b trở về a trong 1 h 40 phút đầu người ấy đi với vận tốc như cũ sau khi nghỉ 30 phút lại tiếp tục đi với vận tốc lớn hơn trước là5kmh khi về đến a vẫn thấy rằng vẫn quá 10 phút so với thời gian đi từ a đến b tính vận tốc lúc đi
lập hệ phương trình,một người đi ôtô từ a đến b cách nhau 500 km sau khi đi đến b người đó quay lại a ngay với vận tốc cũ trên đường trở về sau khi đi được 2 h ôtô dừng lại 30 phút sau đó tiếp tục đi với vận tốc lớn hơn vận tốc lúc đi là 20 kmh vì vậy thời gian đi và về bằng nhau tính vận tốc lúc đi
lập hệ phương trình,một xe tải và một xe con khởi hành cùng một lúc từ a đến b vận tốc xe tải là 40 kmh vận tốc xe con là 60 kmh sau khi đi nửa quãng đường xe con nghỉ 40 phút rồi tiếp tục đi đến b với vận tốc cũ xe tải không nghỉ và trên quãng đường còn lại nó tăng vận tốc thêm 10 kmh tuy vậy xe tải vẫn đến b chậm hơn xe con là 30 phút tính quãng đường ab
lập hệ phương trình,một người đi xe đạp từ a đến b cách nhau 24 km khi đi từ b về a người đó tăng vận tốc thêm 4 kmh so với lúc đi vì vậy thời gian về ít hơn thời gian đi là 30 phút tính vận tốc lúc đi
lập hệ phương trình,lúc 7 h một ô tô đi từ a đến b lúc 7 h30 phút một xe máy đi từ b về a với vận tốc kém vận tốc ôtô là 24 kmh ô tô đến được b hết 1 h 20 phút thì xe máy mới đến a tính vận tốc của xe máy biết quãng đường ab dài là 120 km
lập hệ phương trình,biết rằng m kg nước giảm xuống tốc thì tỏa ra nhiệt lượngqmt kcal hỏi phải dùng bao nhiêu lít nước sôi ở 100 c và bao nhiêu lít nước ở 20 c để được hỗn hợp nước 40 c
lập hệ phương trình,cho mảnh đát hình chữ nhật có diện tích là 360 m² nếu tăng chiều rộng lên 2 m và giảm chiều dài đi 6 m thì diện tích mảnh đất không đổi tính chu vi mảnh đất lúc ban đầu
lập hệ phương trình,một mảnh vườn hình chữ nhật có diện tích 720 m² nếu tăng chiều dài lên 6 m và giảm chiều rộng 4 m thì diện tích của vườn không đổi tính chiều dài và chiều rộng
lập hệ phương trình,tổng số công nhân của hai đội sản suất là 125 người sau khi điều 13 người từ đội thứ nhất sang đội thứ 2 thì số công nhân của đội thứ nhất bằng 23 số công nhân đội thứ 2 tính số công nhân của mỗi đội lúc ban đầu
lập hệ phương trình,một máy bơm theo kế hoạch bơm đầy nước vào một bể chứa 50 m³ trong một thời gian nhất 3 định do người công nhân đã cho máy bơm hoạt động với công suất tăng thêm 5 m³ h nên đã bơm đầy bể sớm hơ dự định là 1 h 40 phút hãy tính công suất của máy bơm theo kế hoạch
lập hệ phương trình,có hai máy bơm bơm nước vào bể nếu hai máy bơm cùng bơm sau 2 h55 phút đầy bể nếu mỗi máy bơm riêng thì thời gian máy 1 bơm đầy bể ít hơn thời gian máy 2 bơm đầy bể là 2 h hỏi mỗi máy bơm riêng thì trong bao lâu thì đầy bể
lập hệ phương trình,một đội công nhân xây dựng hoàn thành công trình với mức 420 ngày công thợ hãy tính số người của đội biết rằng nếu đội vắng 5 người thì số ngày hoàn thành công việc sẽ tăng lên 7 ngày
lập hệ phương trình,một đội công nhân gồm 20 người dự định hoàn thành công việc trong một thời gian nhất địmh do trước khi tiến hành công việc 4 người phân công đi làm việc khác vì vậy để hoàn thành công việc mỗi người phải làm thêm 3 ngày thời gian dự kiến ban đầu để hoàn thành công việc bao ngày
lập hệ phương trình,một nhóm thợ đặt kế hoạch sx 1200 sản phẩm trong 12 ngày đầu họ làm đúng theo kế hoạch đề ra những ngày còn lại họ đã làm vượt mức 20 sản phẩm nên hoàn thành kế hoạch sớm 2 ngày theo kế hoạch mỗi ngày cần sx bao nhiêu sản phẩm
lập hệ phương trình,một đội công nhân dự định làm 120 sp trong 1 thời gian nhất định sau khi làm được 2 h với năng suất dư kiến người đó đã thao tác cải tiến hợp lý nên đã tăng năng suất lên được 3 sp mỗi h và vì vậy người đó đã hoàn thành kế hoạch sớm hơn dự định là 1 h 36 phút hãy tính năng suất dự kiến
lập hệ phương trình,một tổ có kế hoạch sản suất 350 sản phẩm theo năng suất dự kiến nếu tăng năng suất 10 sp một ngày thì tổ đó hoàn thành sớm 2 ngày so với giảm năng suất 10 sp mỗi ngày tính năng suất dự kiến
lập hệ phương trình,một máy bơm dùng để bơm đầy một bể nước có thể tích 60 m³ với thời gian dự định khi đã bơm được 12 bể thì mất điện trong 48 phút đến lúc có điện trở lại người ta sử dụng thêm một máy bơm thứ 2 có công suất 10 m³ h cả 2 máy bơm cùng hoạt động để bơm đầy bể đúng dự kiến tính công suất của máy bơm thứ 1 và thời gian dự kiến
lập hệ phương trình,một công nhân dự định làm 72 sp trong thời gian đã định nhưng thực tế xí nghiệp giao 80 sp nên mặc dù người đó đã làm mỗi giờ thêm1sp mà thời gian hoàn thành vẫn chậm hơn so với dự định là 12 phút tính năng suất dự biết rằng người đó làm mỗi giờ không quá 20 sp
lập hệ phương trình,một đoàn xe dự định chở 40 tấn hàng nhưng thực tế phải chờ thêm 14 tấn nữa nên phải điều thêm 2 xe và mỗi xe phải chở thêm 05 tấn tính số xe ban đầu
lập hệ phương trình,hai nông dân đem 100 quả trứng ra chợ bán số trứng của hai người không bằng nhau một người nói với người kia nếu số trứng của tôi bằng số trứng của anh thì tôi bán được 15 đồng người kia nói nếu số trứng của tôi bằng số trứng của anh thì tôi chỉ bán được 203 đồng thôi hỏi mỗi người có bao nhiêu trứng
lập hệ phương trình,một đàn khỉ chia thành 2 nhóm nhóm chơi đùa vui vẻ ngoài trời bằng bình phương một phần tám của đàn mười hai con nhảy nhót trên cây không khí vui tươi sưởi ấm nơi này hỏi đàn khỉ có tất cả bao nhiêu con
lập hệ phương trình,một đội công nhân phải làm 216 sp trong 1 thời gian nhất định ba ngày đầu mỗi ngày làm đúng theo định mức sau đó mỗi ngày làm vượt mức 8 sp nên đã làm được 232 sp và xong trước 1 ngày hỏi theo kế hoạch mỗi ngày đội phải làm bao nhiêu sp
lập hệ phương trình,nhà trường tổ chức cho 180 học sinh đi thăm quan nếu dùng loại xe lớn chở 1 lượt hết số học sinh thì phải điều ít hơn nếu dùng 2 chiếc xe nhỏ biết rằng loại xe lớn chở nhiều hơn loại xe nhỏ là 15 học sinh tính số xe lớn nếu số xe đó được dùng
lập hệ phương trình,một tàu thủy chạy trên 1 khúc sông dài 80 km cả đi lẫn về mất 8 giờ 20 phút tính vận tốc của tàu khi nước yên lặng biết vận tốc của dòng nước là 4 kmh
lập hệ phương trình,một ôtô chuyển động với vận tốc đã định để đi hết quãng đường ab dài là 120 km trong 1 thời gian đã định sau khi đi được một nửa quãng đường xe nghỉ 3 phút nên để đến nơi đúng giờ xe phải tăng vận tốc lên 2 kmh trên quãng đường còn lại tính thời gian xe lăn trên đường
lập hệ phương trình,một ôtô dự định đi từ a đến b cách nhau 120 km trong 1 thời gian quy định sau khi đi được 1 giờ ôtô bị chặn bởi tàu hỏa 10 phút do đó để đến b đúng hạn ôtô phải tăng vận tốc lên 6 kmh tính vận tốc lúc đầu của ôtô
lập hệ phương trình,hai ôtô cùng khởi hành từ a đến b cách nhau 300 km ôtô thứ 1 mỗi giờ chạy nhanh hơn ôtô thứ 2 là 10 kmh nên đến sớm hơn ôtô thứ 2 là 1 giờ tính vận tốc của mỗi xe ôtô
lập hệ phương trình,một ôtô dự định đi từ a đến b trong một thời gian nhất định nếu xe chạy với vận tốc 35 kmh thì đến chậm mất 2 giờ nếu xe chạy với vận tốc 50 kmh thì đến sớm hơn 1 giờ tính quãng đường ab
lập hệ phương trình,một xe ôtô đi từ a đến b dài 120 km trong một thời gian dự định sau khi đi được nửa quãng đường thì xe tăng thêm vận tốc 10 kmh nên đến sớm hơn dự định là 12 phút tính vận tốc ban đầu của xe
lập hệ phương trình,một ôtô đi từ tỉnh a đến tỉnh b với một vận tốc xác định nếu vận tốc tăng thêm 20 kmh thì thời gian sẽ giảm đi 1 giờ nếu vận tốc giảm đi 10 kmh thì thời gian tăng thêm 1 giờ tính vận tốc của ôtô và quãng đường ab
lập hệ phương trình,một người đi xe đạp từ a đến b với vận tốc trung bình là 30 kmh khi đến b người đó nghỉ 20 phút rồi quay trở về a với vận tốc trung bình 24 kmh tính quãng đường ab biết rằng thời gian cả đi lẫn về là 5 giờ 50 phút
lập hệ phương trình,một ca nô xuôi dòng từ bến a đến bến b với vận tốc trung bình là 30 kmh sau đó ngược từ b về a thời gian đi xuôi ít hơn thời gian đi ngược là 40 phút tính khoảng cách giữa a và b biết rằng vận tốc của dòng nước là 3 kmh
lập hệ phương trình,một ôtô dự định đi từ tỉnh a đến tỉnh b với vận tốc trung bình là 40 kmh lúc đầu ôtô đi với vận tốc đó khi còn 60 km thì được nửa quãng đường ab người lái xe tăng vận tốc lên 10 kmh trên quãng đường còn lại do đó đến tỉnh b sớm hơn 1 giờ so với dự định tính quãng đường ab
lập hệ phương trình,hai ca nô cùng khởi hành 1 lúc chạy từ bến a đến bến b ca nô 1 chạy với vận tốc 20 kmh ca nô 2 chạy với vận tốc 24 kmh trên đường đi ca nô 2 dừng lại 40 phút sau đó tiếp tục đi tính chiều dài quãng đường ab biết rằng 2 ca nô cùng đến b 1 lúc
lập hệ phương trình,một người đi xe đạp từ a đến b cách nhau 50 km sau đó 1 giờ 30 phút một người đi xe máy cũng đi từ a đến b và đến b sớm hơn 1 giờ so với người đi xe đạp tính vận tốc của mỗi xe biết rằng vận tốc của xe máy gấp 25 lần vận tốc của xe đạp
lập hệ phương trình,một người đi xe đạp từ a đến b dài 36 km sau khi đi được 2 giờ người đó nghỉ 15 phút sau đó người đi xe đạp tăng thêm 4 kmh và đến b đúng giờ đã định tìm vận tốc ban đầu của người đi xe đạp
lập hệ phương trình,một người dự định đi xe đạp từ địa điểm a đến địa điểm b cách nhau 20 km với vận tốc không đổi nhưng khi đi được 1 giờ người đó giảm vận tốc 2 kmh nên đã đến b chậm hơn dự định là 15 phút tính vận tốc dự định của người đi xe đạp
lập hệ phương trình,trong 1 phòng hợp có 80 người họp được xếp đều ngồi trên các dãy ghế nếu bớt đi 2 dãy thì mỗi dãy còn lại phải xếp thêm 2 người mới đủ chỗ hỏi lúc đầu có bao nhiêu dãy ghế và mỗi dãy có bao nhiêu người
lập hệ phương trình,để tránh lũ một đội biên phòng đến gặt giúp xã a 1 cánh đồng lúa làm được 4 giờ thì có đội thứ 2 đến gặt giúp cả 2 đội cùng gặt tiếp 8 giờ thì xong hỏi mỗi đội gặt 1 mình thì trong bao nhiêu thời gian thì xong công việc biết rằng nếu gặt 1 mình thì đội thứ 1 gặt mất nhiều thời gian hơn đội thứ 2 là 8 giờ
lập hệ phương trình,một mảnh đất hình chữ nhật có chiều dài hơn chiều rộng là 6 m và bình phương độ dài đường chéo gấp 5 lần chu vi xác định chiều dài và chiều rộng của mảnh đất
lập hệ phương trình,một ôtô khách và 1 ôtô tải cùng xuất phát từ a đến b dài 180 km do vận tốc ôtô khách lớn hơn ôtô tải là 10 kmh nên ôtô khách đến trước ô tô tải là 36 phút tính vận tốc của mỗi ôtô biết rằng vận tốc của mỗi ôtô không đổi
lập hệ phương trình,tìm 2 số chẵn nguyên dương liên tiếp biết tổng bình phương của 2 số là 244
lập hệ phương trình,dự định phát đều 280 quyển vở cho số học sinh tiên tiến nhưng khi phát có 3 học sinh vắng mặt vì vậy mỗi học sinh được nhận nhiều hơn 12 quyển vở hỏi số học sinh lúc đầu dự định phát vở
lập hệ phương trình,hai địa điểm cách nhau 171 km một xe gắn máy khởi hành từ a đến b với vận tốc nhất định sau khi khởi hành 2 giờ nghỉ 30 phút rồi lại tiếp tục đi đến b với vận tốc tăng thêm 7 kmh tới b nghỉ 30 phút rồi quay về a và vận tốc tăng thêm 1 kmh nữa thời gian đi và về kể cả nghỉ hết 10 giờ 30 phút tính vận tốc ban đầu của xe
lập hệ phương trình,hai địa điểm a và b cách nhau 60 km một người đi xe đạp khởi hành từ a đến b rồi từ b trở về a ngay với vận tốc như lúc đầu nhưng sau khi đi từ b về 1 giờ thì nghỉ mệt 20 phút rồi tiếp tục đi về a với vận tốc tăng thêm 4 kmh thời gian đi và về bằng nhau tính vận tốc lúc ban đầu
lập hệ phương trình,tìm 2 số lẻ liên tiếp biết rằng tổng các bình phương là 514
lập hệ phương trình,một ca nô chuyển động xuôi dòng từ bến a đến bến b sau đó chuyển động ngược dòng từ b về a hết tổng thời gian là 5 giờ biết quãng đường ab dài là 60 km và vận tốc dòng nước là 5 kmh tính vận tốc thực của ca nô
lập hệ phương trình,một đội xe cần chở 480 tấn hàng khi sắp khởi hành đội được điều thêm 3 xe nữa nên mỗi xe chở ít hơn dự định 8 tấn hỏi lúc đầu đội có bao nhiêu chiếc xe biết rằng các xe chở như nhau
lập hệ phương trình,một tam giác vuông có 2 cạnh góc vuông hơn kém nhau 8 m nếu tăng một cạnh góc vuông lên 2 lần và giảm cạnh góc vuông còn lại xuống 3 lần thì được tam giác vuông mới có diện tích 51 m² tính độ dài hai cạnh góc vuông
lập hệ phương trình,một hình chữ nhật có chiều rộng ngắn hơn chiều dài 1 m nếu tăng thêm cho chiều dài 14 của nó thì diện tích hình chữ nhật đó tăng thêm 3 m² tính diện tích hình chữ nhật lúc ban đầu
lập hệ phương trình,một tam giác vuông có cạnh huỳên bc dài là 20 m và diện tích s 96 m² ab ac tính hai cạnh ab ac và đường cao ah
lập hệ phương trình,cạnh huỳên của tam giác vuông abc dài là 25 m ab ac nếu cạnh ab bớt 5 m và cạnh ac tăng 4 m thì cạnh huỳên tăng 1 m tính cạnh ab ac
lập hệ phương trình,một hình chữ nhật có chiều dài hơn chiều rộng là 7 m và có độ dài đường chéo là 17 m tính chu vi và diện tích hình chữ nhật đó
lập hệ phương trình,một tam giác vuông có chu vi là 60 m và có cạnh huỳên là 25 m tính độ dài các cạnh của tam giác vuông
lập hệ phương trình,hai người đi xe đạp cùng khởi hành một lúc từ a đến b cách nhau 180 km người thứ nhất đi nhanh hơn người thứ hai là 2 kmh nên đến b trước người thứ hai 1 giờ tính vận tốc của mỗi người
lập hệ phương trình,một người đi mô tô từ a đến b cách nhau 375 km sau đó trở về b với vận tốc đi và về bằng nhau hai giờ sau khi đi từ b xe nghỉ 45 phút muốn thời gian khi đi bằng khi về thì sau khi nghỉ phải tăng vận tốc lên 25 kmh tính vận tốc khi đi
lập hệ phương trình,một vòi nước chảy vào một bể có dung tích 270 lít nếu mỗi giây vòi chảy thêm được 1 lít thì thời gian chảy đầy bể giảm đi 45 giây hỏi trong 1 giây vòi chảy được bao nhiêu lít
lập hệ phương trình,hai ca nô cùng khởi hành từ a đến b cách nhau 85 km và đi ngược chiều nhau sau 1 giờ 40 phút thì gặp nhau tính vận tốc thật của mỗi ca nô vận tốc ca nô khi nước yên lặng và không đổi biết rằng vận tốc ca nô xuôi dòng lớn hơn vận tốc ca nô ngược dòng là 9 kmh và vận tốc dòng nước là 3 kmh
lập hệ phương trình,khoảng cách giữa hai bến sông a và b là 45 km một ca nô đi từ a đến b nghỉ ở b 30 phút rồi quay trở lại a thời gian kể từ lúc đi đến lúc trở về đến bến a là 4 giờ 30 phút tính vận tốc ca nô khi nước yên lặng biết vận tốc của dòng nước là 6 kmh
lập hệ phương trình,một người dự định làm 120 sản phẩm trong một thời gian nhất định khi làm mỗi giờ thêm 2 sản phẩm nên người đó đã làm xong trước dự định 1 giờ mà còn làm thêm 6 sản phẩm nữa hỏi người đó dự định mỗi giờ làm được bao nhiêu sản phẩm
lập hệ phương trình,hai đội cùng đào một con mương nếu mỗi đội làm một mình cả con mương thì thời gian tổng cộng hai đội phải làm là 25 giờ nếu hai đội cùng làm chung thì công việc hoàn thành trong 6 giờ tính xem mỗi đội làm một mình xong cả con mương trong bao lâu
lập hệ phương trình,trong một phòng họp có 80 người được sắp xếp ngồi đều trên các ghế nếu ta bớt đi 2 dãy ghế thì mỗi dãy ghế còn lại phải xếp thêm 2 người mới đủ chỗ hỏi lúc đầu có mấy dãy ghế và mỗi dãy được xếp bao nhiêu chỗ ngồi
lập hệ phương trình,một xe lửa đi từ húê ra hà nội sau đó 1 giờ 40 phút một xe lửa khác đi từ hà nội vào húê với vận tốc lớn hơn vận tốc của xe lửa thứ nhất là 5 kmh hai xe gặp nhau tại một ga cách hà nội 300 km tìm vận tốc của mỗi xe giả thiết rằng quãng đường sắt húê hà nội dài 645 km
lập hệ phương trình,hai bác nông dân đem trứng ra chợ bán với tổng số trứng của hai người là 100 quả số trứng của hai người không bằng nhau nhưng hai người bán được một số tiền bằng nhau một người nói với người kia nếu số trứng của tôi bằng số trứng của anh thì tôi bán được 90 000 đồng người kia nói nếu số trứng của tôi bằng số trứng của chị thì tôi chỉ bán được 40 000 đồng thôi hỏi mỗi người có bao nhiêu trứng và giá bán mỗi quả trứng của mỗi người là bao nhiêu
lập hệ phương trình,hai đội công nhân cùng làm chung một công việc thời gian để đội i làm một mình xong công việc ít hơn thời gian để đội ii làm một mình xong công việc đó là 4 giờ tổng thời gian này gấp 45 lần thời gian hai đội cùng làm chung để xong công việc đó hỏi mỗi đội làm một mình thì phải bao lâu mới xong
lập hệ phương trình,một nhóm công nhân đặt kế hoạch sản xuất 200 sản phẩm trong 4 ngày đầu họ thực hiện đúng mức đề ra những ngày còn lại họ làm vượt mức mỗi ngày 10 sản phẩm nên đã hoàn thành sớm 2 ngày hỏi theo kế hoạch mỗi ngày nhóm công nhân cần sản xuất bao nhiêu sản phẩm
lập hệ phương trình,tính diện tích của một hình chữ nhật biết rằng chiều dài hơn chiều rộng là 7 m và độ dài đường chéo là 13 m
lập hệ phương trình,một công nhân dự định làm 150 sản phẩm trong một thời gian nhất định sau khi làm được 2 giờ với năng suất dự kiến người đó đã cải tiến các thao tác nên đã tăng năng suất được 2 sản phẩm mỗi giờ và vì vậy đã hoàn thành 150 sản phẩm sớm hơn dự kiến 30 phút hãy tính năng suất dự kiến ban đầu
lập hệ phương trình,một xe tải và một xe con cùng khởi hành từ a đi đến b xe tải đi với vận tốc 40 kmh xe con đi với vận tốc 60 kmh sau khi mỗi xe đi được nửa đường thì xe con nghỉ 40 phút rồi chạy tiếp đến b xe tải trên quãng đường còn lại đã tăng vận tốc thêm 10 kmh nhưng vẫn đến b chậm hơn xe con nửa giờ hãy tính quãng đường ab
lập hệ phương trình,một người đi xe máy từ a đến b cách nhau 120 km với vận tốc dự định trước sau khi đi được 13 quãng đường ab người đó tăng vận tốc lên 10 kmh trên quãng đường còn lại tìm vận tốc dự định và thời gian lăn bánh trên đường biết rằng người đó đến b sớm hơn dự định 24 phút
lập hệ phương trình,một xe tải và một xe con cùng khởi hành từ a đi đến b xe tải đi với vận tốc 40 kmh xe con đi với vận tốc 60 kmh sau khi mỗi xe đi được nửa quãng đường xe con nghỉ 40 phút rồi chạy tiếp đến b xe tải trên quãng đường còn lại đã tăng vận tốc thêm 10 kmh nữa nhưng vẫn đến b chậm hơn xe con nửa giờ hãy tính quãng đường ab
lập hệ phương trình,một xe du lịch đi từ tỉnh a đến tỉnh b dài 480 km với một vận tốc dự định nhưng sau khi đi được 2 giờ với vận tốc dự định thì xe bị hỏng nên dừng lại nghỉ để sửa chữa 30 phút sau đó xe đi trên quãng đường còn lại với vận tốc tăng thêm 20 kmh nữa nên đã đến b sớm hơn dự định 1 giờ tính vận tốc dự định và thời gian xe chạy trên đường
lập hệ phương trình,hai người cùng làm chung một công việc trong 125 giờ thì xong nếu mỗi người làm một mình thì người thứ nhất hoàn thành công việc trong ít hơn người thứ hai là 2 giờ hỏi nếu làm một mình thì mỗi người phải làm trong bao nhiêu thời gian để xong công việc
lập hệ phương trình,quãng đường từ quy nhơn đến bồng sơn dài 100 km cùng một lúc một xe máy khởi hành từ quy nhơn đi bồng sơn và một xe ô tô khởi hành từ bồng sơn đi quy nhơn sau khi hai xe gặp nhau xe máy đi 1 giờ 30 phút nữa mới đến bồng sơn biết vận tốc hai xe không thay đổi trên suốt quãng đường đi và vận tốc xe máy kém vận tốc xe ô tô là 20 kmgìơ tính vận tốc của mỗi xe
lập hệ phương trình,một ô tô đi từ a đến b trong một thời gian nhất định nếu đi với vận tốc 48 kmh thì đến sớm hơn dự định là 1 giờ nếu đi với vận tốc 60 kmh thì đến sớm hơn dự định là 2 giờ tính quãng đường ab
lập hệ phương trình,nhóm 1 và nhóm 2 dự định cùng nhau hợp tác sản xuất 155 bộ bàn ghế nhưng do cải tiến kĩ thuật nhóm 1 sản xuất vượt mức 10 nhóm 2 sản xuất vượt mức 8 nên thực tế hai nhóm đã sản xuất được 169 bộ bàn ghế số bộ bàn ghế mà nhóm 1 và nhóm 2 dự định sản xuất là
lập hệ phương trình,tổng số sách giáo khoa và sách bài tập trên một kệ sách của thư viện là 145 quyển do nhập thêm sách nên số sách giáo khoa đã tăng thêm 15 sách bài tập tăng thêm 20 do đó tổng số sách trên kệ là 171 quyển số sách giáo khoa sách bài tập lúc chưa nhập thêm lần lượt là
lập hệ phương trình,tâm mua 1 bộ quần áo kiểu với giá 320 nghìn đồng lúc duyên gặp tâm thấy bộ quần áo đẹp nên đã hỏi tìm chỗ mua với giá bán hiện tại là 354 nghìn đồng được biết sự chênh lệnh giá là do dịp gần tết khan hiếm hàng nên một chiếc quần đã tăng giá 11 một chiếc áo tăng giá 10 giá một chiếc quần và một chiếc áo lúc chưa tăng giá lần lượt là
lập hệ phương trình,trong tháng đầu hai tổ sản xuất được 800 chi tiết máy sang tháng thứ 2 tổ 1 vượt mức 15 tổ 2 vượt mức 20 do đó cuối tháng 2 hai tổ sản xuất được 945 chi tiết máy hỏi trong tháng đầu mỗi tổ sản xuất được bao nhiêu chi tiết máy
lập hệ phương trình,một hợp kim gồm đồng và kẽm trong đó có 5 gam kẽm nếu thêm 15 g kẽm vào hợp kim thì được một hợp kim mới mà trong hợp kim đó lượng đồng đã giảm so với lúc đầu là 30 tìm khối lượng ban đầu của hợp kim
lập hệ phương trình,tìm 25 của 120 quyển sách
lập hệ phương trình,biết 30 của số gạo ban đầu là 159 kg tính số gạo ban đầu
lập hệ phương trình,lớp 9 a 9 b tham gia gói quà trung thu cho các em nhỏ có hoàn cảnh khó khăn cả hai lớp dự định gói 160 phần quà nhưng do vận động được thêm một số bạn ngoài lớp tham gia nên số phần quà gói được của lớp 9 a tăng 15 còn số phần quà gói được của lớp 9 b tăng 10 nên cả hai lớp gói được 179 phần quà số quà dự định gói của lớp 9 a và 9 b lần lượt là
lập hệ phương trình,năm ngoái ngọc và bích cùng gửi tiết kiệm với lãi suất 8 năm sau 1 năm tổng số tiền mà hai bạn nhận được là 1566 triệu đồng năm nay ngọc không gửi tiết kiệm nữa còn bích vẫn gửi số tiền giống như năm ngoái nhưng lãi suất đợt này đã tăng thành 82 năm khi hết kì hạn gửi tiết kiệm bích nhận lại được số tiền là 8656 triệu đồng số tiền mà hai bạn ngọc và bích đã gửi lần lượt là
lập hệ phương trình,một hình chữ nhật có cạnh này bằng 23 cạnh kia nếu bớt đi mỗi cạnh 5 m thì diện tích hình chữ nhật giảm 16 tính các kích thước của hình chữ nhật ban đầu
lập hệ phương trình,trong tháng đầu hai tổ sản xuất được 800 chi tiết máy sang tháng thứ 2 tổ 1 vượt mức 15 tổ 2 vượt mức 20 do đó cuối tháng 2 tổ sản xuất được 945 chi tiết máy hỏi trong tháng đầu mỗi tổ sản xuất được bao nhiêu chi tiết máy
lập hệ phương trình,một người mua hai loại mặt hàng a và b nếu tăng giá mặt hàng a thêm 10 và mặt hàng b thêm 20 thì người đó phải trả 232 nghìn đồng nhưng nếu giảm giá cả hai mặt hàng là 10 thì người đó phải trả tất cả 180 nghìn đồng tính giá tiền mỗi loại lúc đầu
lập hệ phương trình,hai trường a và b của một thị trấn có 210 học sinh thi đỗ hết lớp 9 đạt tỷ lệ trúng tuỷên 84 tính riêng thì trường a đỗ 80 trường b đỗ 90 tính xem mỗi trường có bao nhiêu học sinh lớp 9 dự thi
lập hệ phương trình,hai tổ chức dự định làm 700 sản phẩm thực tế tổ một vượt mức 20 và tổ hai vượt mức 15 nên trong thời gian quy định cả hai tổ đã vượt mức 120 sản phẩm tính số sản phẩm mỗi tổ dự kiến làm
lập hệ phương trình,hai xí nghiệp theo kế hoạch phải làm tổng cộng 360 dụng cụ thực tế xí nghiệp i vượt mức kế hoạch 10 xí nghiệp ii vượt mức kế hoạch 15 do đó cả hai xí nghiệp đã làm được 404 dụng cụ tính số dụng cụ mỗi xí nghiệp phải làm theo kế hoạch
lập hệ phương trình,theo kế hoạch hai tổ sản xuất 600 sản phẩm trong một thời gian nhất định do áp dụng kĩ thuật mới nên tổ i đã vượt mức 18 và tổ ii đã vượt mức 21 vì vậy trong thời gian quy định họ đã hoàn thành vượt mức 120 sản phẩm hỏi số sản phẩm được giao của mỗi tổ theo kế hoạch
lập hệ phương trình,hai máy ủi trong 12 h thì san lấp được 110 khu đất nếu máy ủi thứ 1 làm một mình trong 42 h rồi nghỉ sau đó máy ủi thứ 2 làm một mình trong 22 h thì cả 2 máy ủi san lấp được 25 khu đất đó hỏi nếu làm một mình thì mỗi máy ủi san lấp xong khu đất trong bao nhiêu lâu
lập hệ phương trình,hai người cùng làm chung một công việc thì sau 4 giờ 30 phút họ làm xong công việc nếu một mình người thứ nhất làm trong 4 giờ sau đó một mình người thứ hai làm trong 3 giờ thì cả hai người làm được 75 công việc hỏi nếu mỗi người làm một mình thì sau bao lâu sẽ xong công việc biết rằng năng suất làm việc của mỗi người là không thay đổi
lập hệ phương trình,dân số của một thành phố hiện nay là 408040 người hàng năm dân số tăng 1 hỏi hai năm trước đây dân số thành phố là bao nhiêu
lập hệ phương trình,một cuộn vải dài 300 m thợ may cắt được 30 chiều dài của cuộn vải đó hỏi phần còn lại của cuộn vải mà thợ may cần phải cắt là bao nhiêu
lập hệ phương trình,một quyển sách đã đọc được 120 trang chiếm 15 số trang sách hỏi cuốn sách đó có bao nhiêu trang
lập hệ phương trình,lớp 5 a có 30 học sinh trong đó số học sinh nữ chiếm 60 hỏi số học sinh nữ có bao nhiêu em
lập hệ phương trình,một lớp có 25 học sinh giỏi 55 học sinh khá còn lại là học sinh trung bình tính số học sinh của lớp đó biết số học sinh trung bình là 5 bạn
lập hệ phương trình,chiếc xe đã đi được 40 chiều dài của con đường dài 250 km tính chiều dài quãng đường mà xe đã đi
lập hệ phương trình,số học sinh giỏi của một trường tiểu học là 64 em chiếm 128 số học sinh toàn trường hỏi trường đó có bao nhiêu học sinh
lập hệ phương trình,cô giáo đem chia táo cho học sinh nếu mỗi em 9 quả thì thiếu 9 quả nếu chia mỗi em 10 quả thì thiếu 25 số táo ban đầu tính số táo cô đem chia và số học sinh được chia táo
lập hệ phương trình,một người đem trứng đi bán buổi sáng bán được 50 số trứng buổi chiều bán được 20 số trứng còn lại sau đó người đó lại buôn thêm 40 quả nữa tối về người đó lại thấy rằng số trứng đem về bằng 120 số trứng mang đi hỏi người ấy mang đi mấy quả trứng
lập hệ phương trình,lượng muối chứa trong nước biển là 5 cần phải đổ thêm vào 200 kg nước biển bao nhiêu kg nước lã để được một loại dung dịch chứa 2 muối
lập hệ phương trình,một cửa hàng buôn bán hoa quả đặt hàng 45 tấn cam với giá 18000 đồng một kilôgam tiền vận chuyển là 1 600 000 đồng giả sử 10 số cam bị hỏng trong quá trình vận chuyển và tất cả số cam đều bán được hãy tính xem mỗi kg cam cần bán với giá bao nhiêu để thu lãi 8
lập hệ phương trình,bố mua 2 đôi giày cho hùng nhưng đều bị nhỏ nên mẹ phải mang bán 2 đôi giày đó đi mỗi đôi giày đều bán với giá 300000 đồng và bị lỗ 20 so với giá mua hỏi mẹ đã mua 2 đôi giày đó với giá bao nhiêu tiền
lập hệ phương trình,một hợp chất có trọng lượng là 220 g trong đó hàm lượng đồng là 36 tính trọng lượng của đồng có trong hợp chất đó
lập hệ phương trình,năm 2022 doanh thu của một công ty là 1 tỷ đồng tăng 25 so với năm 2021 hỏi doanh thu của công ty năm 2021 là bao nhiêu
lập hệ phương trình,trong tháng đầu một công nhân đã làm được 420 sản phẩm sang tháng thứ 2 do nâng cao năng suất công nhân đó đã làm được số sản phẩm nhiều hơn 12 so với tháng đầu hỏi trong hai tháng người đó đã làm được bao nhiêu sản phẩm
lập hệ phương trình,một người bán 2 con bò con thứ nhất bán lãi 20 con thứ hai bán lỗ 20 tính ra con thứ nhất lãi được 200 ngàn đồng con thứ hai lỗ 100 ngàn đồng hỏi giá vốn của mỗi con bò là bao nhiêu
lập hệ phương trình,để khuýên khích học sinh làm bài thi tốt nghiệp nhà trường tặng thưởng cho học sinh theo hai mức học sinh đạt loại giỏi được thưởng 70000 đồng đạt loại khá được thưởng 50000 đồng số học sinh đạt loại giỏi gấp 2 lần số học sinh đạt loại khá tổng số tiền nhà trường tặng thưởng là 750000 đồng hỏi có bao nhiêu học sinh đạt loại giỏi loại khá
lập hệ phương trình,một mảnh đất hình chữ nhật có diện tích 80 m² nếu giảm chiều rộng 3 m và tăng chiều dài 10 m thì diện tích mảnh đất tăng thêm 20 m² tính kích thước của mảnh đất
lập hệ phương trình,tam giác vuông có cạnh huỳên bằng 13 cm diện tích là 30 cm² tính độ dài các cạnh góc vuông
lập hệ phương trình,trung tâm thương mại vc của thành phố nt có 100 gian hàng nếu mỗi năm gian hàng của trung tâm thương mại vc cho thuê với giá 100000000 đồng một trăm triệu đồng một thì tất cả các gian hàng đều được thuê hết biết rằng cứ mỗi lần tăng giá 5 tiền thuê mỗi gian hàng một năm thì trung tâm thương mại vc có thêm 2 gian hàng trống hỏi người quản lý phải quyết định giá thuê mỗi gian hàng là bao nhiêu một năm để doanh thu của trung tâm thương mại vc từ tiền cho thuê gian hàng trong năm là lớn nhất
lập hệ phương trình,một đội công nhân đặt kế hoạch sản xuất 250 sản phẩm trong 4 ngày đầu họ thực hiện đúng kế hoạch mỗi ngày sau đó họ đều vượt mức 5 sản phẩm nên đã hoàn thành công việc sớm hơn 1 ngày so với dự định hỏi theo kế hoạch mỗi ngày đội công nhân đó làm được bao nhiêu sản phẩm biết rằng năng suất làm việc của mỗi công nhân là như nhau
lập hệ phương trình,để chuẩn bị vào năm học mới bạn an muốn mua một cái cặp và một đôi giày bạn đã tìm hiểu theo giá niêm yết thì tổng số tiền để mua hai vật dụng trên là 850000 đồng khi bạn an đến mua thì cửa hàng có chương trình giảm giá cái cặp được giảm 15000 đồng đôi giày được giảm 10 so với giá niêm yết do đó bạn an mua hai vật dụng trên chỉ với số tiền 785000 đồng hỏi giá niêm yết của mỗi vật dụng trên là bao nhiêu
lập hệ phương trình,gia đình an dự định đi du lịch tại nha trang và húê trong 7 ngày biết rằng chi phí trung bình mỗi ngày tại nha trang là 2 triệu đồng còn tại húê là 3 triệu đồng tìm số ngày nghỉ dự định của gia đình an tại mỗi địa điểm biết số tiền mà họ phải chi cho toàn bộ chuýên đi là 18 triệu đồng
lập hệ phương trình,để phục vụ cho festival húê 2018 một cơ sở sản xuất nón lá dự kiến làm ra 300 chiếc nón lá trong một thời gian đã định do được bổ sung thêm nhân công nên mỗi ngày cơ sở đó làm ra được nhiều hơn 5 chiếc nón lá so với dự kiến ban đầu vì vậy cơ sở sản xuất đã hoàn thành 300 chiếc nón lá sớm hơn 3 ngày so với thời gian đã định hỏi theo dự kiến ban đầu mỗi ngày cơ sở đó làm ra bao nhiêu chiếc nón lá biết rằng số chiếc nón lá làm ra mỗi ngày là bằng nhau và nguyên chiếc
lập hệ phương trình,để phục vụ công tác phòng chống dịch covid19 một công ty a lên kế hoạch trong một thời gian trương trong công tác quy định làm 20000 tấm chắn bảo hộ để tặng các chốt chống dịch do ý thức khẩn hỗ trợ chống dịch và nhờ cải tiến quy trình làm việc nên mỗi ngày công ty a làm được nhiều hơn 300 tấm so với kế hoạch ban đầu vì thế công ty a đã hoàn thành kế hoạch sớm hơn đúng một ngày so với thời gian quy định và làm được nhiều hơn 700 tấm so với kế hoạch ban đầu biết rằng g số số tấm làm ra trong mỗi ngày là bằng nhau và nguyên cái hỏi theo kế hoạch ban đầu mỗi ngày công ty a cần làm bao nhiêu tấm chắn bảo hộ
lập hệ phương trình,hưởng ứng chiến địch tỉnh nguỵên mùa hè xanh để giúp học sinh vùng cao đến trưởng thuận lợi hơn hai tổ thanh niên a và b tham gia sửa một đoạn đường nếu hai tổ cùng làm thì trong 8 giờ xong việc nếu làm riêng thì thời gian hoàn thành công việc của tổ a ít hơn tổ b là 12 giờ hỏi nếu làm riêng thì mỗi tổ sửa xong đoạn đường đó trong bao lâu
lập hệ phương trình,nếu mở cả hai vòi nước chảy vào một bể cạn thì sau 3 giờ bể đầy nước nếu vòi thứ nhất làm đầy bể nhanh hơn vòi thứ hai là 2 giờ 30 phút hỏi nếu mở thì mỗi vòi chảy bao lâu đầy bể
lập hệ phương trình,quãng đường ab dài 120 km hai ô tô khởi hành cùng một lúc từ a đến b mỗi giờ ô tô thứ nhất chạy nhanh hơn ô tô thứ hai 12 km nên đến trước ô tô thứ hai 30 phút tính vận tốc của ô tô thứ nhất
lập hệ phương trình,một mảnh đất hình chữ nhật có hai lần chiều rộng bé hơn chiều dài 9 m và diện tích bằng 200 m² tính chu vi của mảnh đất
lập hệ phương trình,lớp 9 a có 80 quyển vở dự định khen thưởng học sinh giỏi cuối năm thực tế cuối năm tăng thêm 2 học sinh giỏi nên mỗi phần thưởng giảm đi 2 quyển vở so với dự định hỏi cuối năm lớp 9 a có bao nhiêu học sinh giỏi biết mỗi phần thưởng có số quyển vở bằng nhau
lập hệ phương trình,một đội xe vận tải được phân công chở 112 tấn hàng trước giờ khởi hành có 2 xe phải đi làm nhiệm vụ khác nên mỗi xe còn lại phải chở thêm 1 tấn hàng so với dự tính tính số xe ban đầu của đội xe biết rằng mỗi xe đều chở khối lượng hàng như nhau
lập hệ phương trình,hưởng ứng ngày sách và văn hóa đọc việt nam năm 2022 một nhà sách đã có chương trình giảm giá cho tất cả các loại sách bạn nam đến mua một quyển sách tham khảo môn toán và một quyển sách tham khảo môn ngữ văn với tổng giả ghi trên hai quyển sách đó là 195000 đồng nhưng do quyển sách tham khảo môn toán được giảm giá 20 và quyển sách tham khảo môn ngữ văn được giảm giá 35 nên bạn nam chỉ phải trả cho nhà sách 138000 đồng để mua hai quyển sách đó hỏi giá ghi trên mỗi quyển sách tham khảo đó là bao nhiêu
lập hệ phương trình,hai bạn bảo và minh rủ nhau đi mua đồ tết bạn bảo có nhiều hơn bạn minh 50000 đồng khi vào cửa hàng bảo đã mua một quần jean và một áo thun hết 245 000 đồng còn minh mua hai áo sơ mi hết 225 000 đồng khi đó số tiền còn lại của minh chỉ bằng 57 số tiền còn lại của bảo hỏi lúc đầu mỗi bạn có bao nhiêu tiền
lập hệ phương trình,theo quy định của công ty một công nhân được trả lương như sau 400000 đồng cho một ngày làm việc bình thường từ thứ hai đến thứ sáu hàng tuần một ngày làm 8 giơnếu làm tăng ca vào các ngày thứ 7 chủ nhật hoặc lễ thì được hưởng lương bằng 150 tiền lương của một ngày làm việc bình thườnganh thắng là nhân viên của công ty trên và trong tháng 52022 vừa qua anh đã được trả lương là 10400000 hỏi anh đã làm việc bao nhiêu ngày tăng ca biết số ngày làm việc bình thường trong tháng 5 của anh là 20 ngày
lập hệ phương trình,một doanh nghiệp vận tải dự định sẽ chở 40 tấn gạo trong một ngày để phân phối đến các đại lý từ một kho hàng lương thực nhưng trên thực tế doanh nghiệp vận tải đã chở được vượt mức 25 vì vậy mà đã thực hiện sớm hơn 4 ngày so với dự định hỏi ban đầu trong kho có bao nhiêu tấn gạo
lập hệ phương trình,một người đi siêu thị mua 2 món hàng món thứ nhất có giá niêm yết 4 triệu nhưng đúng vào đợt khuýên mãi nên món hàng thứ nhất được giảm 10 còn món hàng thứ hai được giảm 8 nên người đó phải trả 636 triệu đồng hỏi giá niêm yết của món hàng thứ hai là bao nhiêu
lập hệ phương trình,để chuẩn bị cho buổi liên hoan cuối năm của lớp 9 a giáo viên chủ nhiệm đưa cho lớp trưởng 15 triệu đồng để đi mua 45 cái bánh ngọt cho lớp hôm đó tiệm bánh có chương trình khuýên mãi từ cái bánh thứ 16 mỗi cái bánh được giảm 5 giá niêm yết sau khi trả tiền bánh thì lớp trưởng đưa lại cho giáo viên chủ nhiệm 195 000 đồng tiền thừa hỏi giá niêm yết của một cái bánh là bao nhiêu
lập hệ phương trình,nhân dịp tết nguyên đán năm 2023 một trường thcs tổ chức hội thi văn nghệ cho toàn trường được chia làm 2 bảng bảng a khối 6 7 và bảng b khối 8 9 cơ cấu giải thưởng ở 2 bảng là như nhau biết số tiền thưởng giải ii ít hơn giải 1 là 20 số tiền thưởng giải iii ít hơn giải ii là 70 000 đồng và hai giải khuýên khích mỗi giải bằng số tiền của giải nhất tổng số tiền phát thưởng ở cả 2 bảng là 1 840 000 đồng hỏi số tiền mỗi giải thưởng là bao nhiêu
lập hệ phương trình,một xe máy đi từ a đến b với vận tốc 30 kmh sau đó 1 giờ 30 phút xe ôtô khởi hành đi từ b về a với vận tốc 35 kmh sau bao lâu tính từ lúc x máy xuất phát thì hai xe gặp nhau biết đoạn đường từ a đến b dài 175 km
lập hệ phương trình,hai xe máy khởi hành cùng lúc từ a đến b xe thứ nhất chạy với vận tốc 32 kmh xe thứ hai chạy với vận tốc lớn hơn xe thứ nhất 8 kmh trên đường đi xe thứ hai dừng lại nghỉ 45 phút rồi lại tiếp tục chạy với vận tốc cũ tính quãng đường ab biết hai xe đến b cùng một lúc
lập hệ phương trình,một vé xem phim có giá 60 000 đồng khi có đợt giảm giá mỗi ngày số lượng người xem tăng lên 50 do đó doanh thu cũng tăng 25 hỏi giá vé khi được giảm là bao nhiêu
lập hệ phương trình,anh tú là sinh viên đại học anh dành một số buổi tối để đi làm thêm công việc phục vụ tại một quán nước mỗi buổi được trả 150 000 đồng do tháng này có dịp tết đông khách nên anh tú làm tăng thêm 6 buổi với tiền được trả mỗi buổi gấp 150 so với ngày thường ngoài ra mỗi buổi làm anh còn được hỗ trợ thêm 20000 đồng tiền ăn được tính gộp trong tiền lương trả cuối tháng hỏi tháng vừa qua anh tú đã làm bao nhiêu buổi biết anh nhận được tiền lương tất cả là 3 170 000 đồng
lập hệ phương trình,bạn hưng làm việc tại nhà hàng nọ bạn ấy được trả 2 triệu đồng cho 40 giờ làm việc tại quán trong một tuần mỗi giờ làm thêm trong tuần bạn được trả bằng 32 số tiền mà mỗi giờ bạn ấy kiếm được trong 40 giờ đầu nếu trong tuần đó bạn hưng được trả 23 triệu đồng thì bạn ấy đã phải làm thêm bao nhiêu giờ
